id_noticia,fuente,url,categoria_busqueda
N001,BioBioChile,https://www.biobiochile.cl/noticias/nacional/region-metropolitana/2026/09/01/investigan-asesinato-en-san-ramon-hombre-muere-tras-ataque-a-tiros-en-poblacion-la-bandera.shtml,homicidio
N002,LaTercera,https://www.latercera.com/nacional/noticia/prision-preventiva-para-imputado-por-homicidio-en-san-ramon-crimen-habria-estado-ligado-a-deuda-por-drogas/,homicidio
N003,LaTercera,https://www.latercera.com/nacional/noticia/pdi-detuvo-a-dos-colombianos-por-el-crimen-el-presunto-ajuste-de-cuentas-narco-detras-de-horroroso-homicidio-en-curacavi/,homicidio
N004,BioBioChile,https://www.biobiochile.cl/noticias/nacional/region-metropolitana/2026/09/27/muere-carabinero-que-resulto-baleado-en-la-cabeza-tras-procedimiento-en-lo-espejo.shtml,homicidio
N005,LaTercera,https://www.latercera.com/nacional/noticia/muere-carabinero-baleado-en-lo-espejo-funcionario-fallecio-tras-permanecer-grave-en-clinica-las-condes/,homicidio
N006,BioBioChile,https://www.biobiochile.cl/noticias/nacional/region-metropolitana/2026/09/28/quien-era-el-cabo-segundo-cristopher-aguilera-el-carabinero-asesinado-a-sangre-fria-por-un-venezolano.shtml,homicidio
N007,LaTercera,https://www.latercera.com/nacional/noticia/la-trayectoria-del-carabinero-christopher-aguilera-martir-de-la-policia-uniformada-baleado-en-lo-espejo/,homicidio
N008,BioBioChile,https://www.biobiochile.cl/noticias/nacional/region-metropolitana/2026/09/28/videos-carabineros-realiza-multiples-allanamientos-en-lo-espejo-tras-asesinato-del-cabo-aguilera.shtml,homicidio
N009,BioBioChile,https://www.biobiochile.cl/noticias/nacional/region-metropolitana/2026/09/28/gobierno-decreta-tres-dias-de-duelo-nacional-por-asesinato-del-cabo-cristopher-aguilera.shtml,homicidio
N010,LaTercera,https://www.latercera.com/nacional/noticia/alcaldesa-javiera-reyes-tras-homicidio-de-carabinero-en-lo-espejo-necesitamos-intervenciones-profundas-urgentes/,homicidio
N011,LaTercera,https://www.latercera.com/nacional/noticia/alcaldesa-javiera-reyes-pide-resguardo-en-lo-espejo-tras-crimen-narco-nadie-merece-vivir-con-ese-nivel-de-susto/,homicidio
N012,BioBioChile,https://www.biobiochile.cl/noticias/nacional/region-metropolitana/2026/09/28/poduje-busca-demoler-edificios-tomados-por-el-narco-en-poblacion-donde-asesinaron-al-cabo-aguilera.shtml,trafico_drogas
N013,LaTercera,https://www.latercera.com/nacional/noticia/detienen-a-nuevo-implicado-en-robo-con-homicidio-contra-carabinero-que-realizaba-una-venta-en-renca/,homicidio
N014,LaTercera,https://www.latercera.com/nacional/noticia/tribunal-decreta-prision-preventiva-para-segundo-imputado-por-homicidio-de-carabinero-en-renca/,homicidio
N015,BioBioChile,https://www.biobiochile.cl/noticias/nacional/region-metropolitana/2026/09/28/investigan-asesinato-en-la-pintana-hombre-fue-baleado-en-mas-de-15-ocasiones-tras-visitar-a-hermana.shtml,homicidio
N016,LaTercera,https://www.latercera.com/nacional/noticia/homicidio-en-la-pintana-hombre-muere-tras-recibir-al-menos-18-disparos/,homicidio
N017,LaTercera,https://www.latercera.com/nacional/noticia/allanamientos-permiten-incautar-droga-y-armas-de-fuego-en-la-pintana-hay-nueve-detenidos/,trafico_drogas
N018,LaTercera,https://www.latercera.com/nacional/noticia/prision-preventiva-para-dos-lideres-de-banda-que-operaba-laboratorio-clandestino-de-drogas-en-la-pintana/,trafico_drogas
N019,LaTercera,https://www.latercera.com/nacional/noticia/pdi-detiene-a-21-personas-y-desarticula-clan-familiar-dedicado-al-trafico-de-drogas-en-puente-alto/,trafico_drogas
N020,LaTercera,https://www.latercera.com/nacional/noticia/prision-preventiva-para-17-imputados-de-organizacion-criminal-de-puente-alto-por-trafico-lavado-y-asociacion-ilicita/,trafico_drogas
N021,LaTercera,https://www.latercera.com/nacional/noticia/pdi-desbarata-banda-que-vendia-drogas-y-tenia-armas-en-puente-alto-cuatro-imputados-quedan-en-prision-preventiva/,trafico_drogas
N022,LaTercera,https://www.latercera.com/nacional/noticia/lideraba-desde-la-carcel-pdi-desarticula-banda-e-incauta-mas-de-400-kilos-de-droga-en-la-florida-y-pudahuel/,trafico_drogas
N023,LaTercera,https://www.latercera.com/nacional/noticia/adolescente-de-16-anos-muere-baleado-en-buin-tras-ser-secuestrado-desde-fiesta-en-puente-alto/,homicidio
N024,LaTercera,https://www.latercera.com/nacional/noticia/detienen-a-dos-lideres-de-banda-criminal-en-san-bernardo-incautaron-fusil-de-guerra-sustancias-ilicitas-y-dinero-en-efectivo/,trafico_drogas
N025,LaTercera,https://www.latercera.com/nacional/noticia/pdi-detiene-a-cuatro-ciudadanos-colombianos-por-trafico-de-drogas-en-sector-pequena-caracas-de-estacion-central/,trafico_drogas
N026,BioBioChile,https://www.biobiochile.cl/noticias/nacional/region-metropolitana/2026/09/28/operacion-sintonia-1533-detienen-en-chile-a-7-integrantes-de-la-mayor-banda-criminal-de-brasil.shtml,trafico_drogas
N027,BioBioChile,https://www.biobiochile.cl/noticias/nacional/region-de-antofagasta/2026/09/26/carabineros-incauta-mas-de-1-250-kilos-de-marihuana-en-dos-allanamientos-en-calama.shtml,trafico_drogas
N028,BioBioChile,https://www.biobiochile.cl/noticias/nacional/region-metropolitana/2026/09/22/pdi-desbarata-banda-que-trasladaba-mas-de-100-kilos-de-droga-desde-el-norte-a-santiago-5-detenidos.shtml,trafico_drogas
N029,LaTercera,https://www.latercera.com/nacional/noticia/fiscalia-y-carabineros-desmantelan-grupo-criminal-multinacional-e-incautan-mas-de-300-kilos-de-droga-en-antofagasta/,trafico_drogas
N030,LaTercera,https://www.latercera.com/nacional/noticia/carabineros-incauta-mas-de-una-tonelada-de-droga-destinada-a-la-venta-durante-fiestas-patrias-avaluo-supera-los-11-mil-millones/,trafico_drogas
N031,LaTercera,https://www.latercera.com/nacional/noticia/pdi-incauta-mas-de-800-kilos-de-cannabis-en-operativo-contra-estructura-criminal-en-la-region-metropolitana/,trafico_drogas
N032,LaTercera,https://www.latercera.com/nacional/noticia/pdi-incauta-85-kilos-de-ketamina-provenientes-de-amsterdam-en-el-aeropuerto-dos-personas-detenidas/,trafico_drogas
N033,BioBioChile,https://www.biobiochile.cl/noticias/nacional/region-de-valparaiso/2026/09/26/5-detenidos-drogas-y-2-rifles-incautados-deja-allanamiento-en-san-antonio-menor-de-edad-implicado.shtml,trafico_drogas
N034,BioBioChile,https://www.biobiochile.cl/noticias/nacional/region-del-bio-bio/2026/09/26/acribillan-un-vehiculo-cerca-de-local-nocturno-de-lota-dejando-un-hombre-muerto-y-dos-mujeres-graves.shtml,homicidio
N035,BioBioChile,https://www.biobiochile.cl/noticias/nacional/region-del-bio-bio/2026/09/28/venta-de-droga-habria-derivado-en-asesinato-y-doble-homicidio-frustrado-en-playa-blanca-coronel.shtml,homicidio
N036,BioBioChile,https://www.biobiochile.cl/noticias/nacional/region-del-bio-bio/2026/09/28/investigan-homicidio-en-hualpen-victima-fue-llevada-herida-y-abandonada-en-sar-hualpencillo.shtml,homicidio
N037,LaTercera,https://www.latercera.com/nacional/noticia/hombre-muere-baleado-en-recoleta-investigan-eventual-robo-de-su-automovil/,homicidio
